Book Title,Section Title
The Myth of the Framework, Editor
The Myth of the Framework, Index01
The Myth of the Framework, Index02
Unended Quest, glossary
Unended Quest, index
Unended Quest, reference
The World of Parmenides, Editors_Preface
The World of Parmenides, Index_of_Translations
The World of Parmenides, Index_of_Name
The World of Parmenides, Index_of_Subjects
The Open Society and Its Enemies (New One-Volume Edition), toc
The Open Society and Its Enemies (New One-Volume Edition), ind
The Open Society and Its Enemies (New One-Volume Edition), inda
Conjectures and Refutations, index1
Conjectures and Refutations, index2
Conjectures and Refutations, content
